timestep,reward,waiting_time_veh,mean_waiting_time_veh,waiting_time_peat,mean_waiting_time_peat,colisiones
1000,-4.36,3560.0,77.3913043478261,0.0,0.0,0
2000,-4.59,5324.0,91.79310344827586,0.0,0.0,0
3000,-1.28,1708.0,40.666666666666664,4088.0,61.014925373134325,0
4000,-1.3,1854.0,37.08,141.0,3.4390243902439024,0
5000,0.03,153.0,3.25531914893617,1261.0,28.65909090909091,0
6000,6.51,837.0,15.79245283018868,663.0,18.942857142857143,0
