timestep,reward,waiting_time_veh,mean_waiting_time_veh,waiting_time_peat_total,mean_waiting_time_peat,peatones_esperando,peatones_cruzados_step,colisiones
1000,0.22,103.0,17.166666666666668,637.0,42.46666666666667,15,0,0
2000,5.56,576.0,48.0,113.0,18.833333333333332,6,0,0
3000,-2.62,2893.0,85.08823529411765,0.0,0.0,0,0,0
4000,-0.35,1000.0,76.92307692307692,43.0,21.5,2,2,0
5000,7.04,305.0,23.46153846153846,0.0,0.0,0,3,0
6000,-2.23,2508.0,89.57142857142857,0.0,0.0,0,4,0
