timestep,reward,waiting_time,mean_waiting_time
1000,-3.94,1618.0,33.02040816326531
2000,1.84,1078.0,18.912280701754387
3000,0.84,199.0,4.061224489795919
4000,0.09,238.0,4.958333333333333
5000,-1.33,237.0,4.647058823529412
6000,-1.13,108.0,2.0
7000,2.3,217.0,3.7413793103448274
8000,1.15,92.0,1.6727272727272726
9000,1.77,101.0,1.9056603773584906
10000,-2.36,327.0,6.54
