timestep,reward,waiting_time,mean_waiting_time
1000,-1.71,331.0,11.033333333333333
2000,-0.57,145.0,5.178571428571429
3000,-0.36,74.0,3.7
4000,0.22,66.0,2.2758620689655173
5000,-1.96,259.0,7.4
6000,0.1,25.0,0.7575757575757576
7000,1.49,33.0,1.2222222222222223
8000,0.34,31.0,0.96875
9000,-0.55,192.0,8.0
10000,-2.1,731.0,23.580645161290324
